Country Name,Country Code,Indicator Name,Indicator Code,1960,1961,1962,1963,1964,1965,1966,1967,1968,1969,1970,1971,1972,1973,1974,1975,1976,1977,1978,1979,1980,1981,1982,1983,1984,1985,1986,1987,1988,1989,1990,1991,1992,1993,1994,1995,1996,1997,1998,1999,2000,2001,2002,2003,2004,2005,2006,2007,2008,2009,2010,2011,2012,2013,2014,2015,2016,2017,2018,2019,2020,2021
Aruba,ABW,"Annual freshwater withdrawals, total (billion cubic meters)",ER.H2O.FWTL.K3,,,,,,,,,,,,,,,,,,,,,,,,,,,,,,,,,,,,,,,,,,,,,,,,,,,,,,,,,,,,,,
Africa Eastern and Southern,AFE,"Annual freshwater withdrawals, total (billion cubic meters)",ER.H2O.FWTL.K3,,,,,,,,,,,,,,,,,,,,,,,,,,,,,,,,,39.20855492,,,,,44.58678369,,,,,55.27374216,,,,,59.15345966,,,,,89.13168046,,,,,96.663994,,,,
Afghanistan,AFG,"Annual freshwater withdrawals, total (billion cubic meters)",ER.H2O.FWTL.K3,,,,,,,,,,,,,,,,,,13.26851667,,,,,19.68980833,,,,,26.1111,,,,,23.46031678,,,,,20.80953357,,,,,20.282,,,,,20.282,,,,,20.282,,,,,20.282,,,,
Africa Western and Central,AFW,"Annual freshwater withdrawals, total (billion cubic meters)",ER.H2O.FWTL.K3,,,,,,,,,,,,,,,,,,,,,,,,,,,,13.8414798,,,,,18.42754704,,,,,22.95284538,,,,,27.38711198,,,,,29.07184722,,,,,29.83398333,,,,,30.23405,,,,
Angola,AGO,"Annual freshwater withdrawals, total (billion cubic meters)",ER.H2O.FWTL.K3,,,,,,,,,,,,,,,,,,,,,,,,,,,,0.48,,,,,0.541692308,,,,,0.603384615,,,,,0.66652,,,,,0.7057,,,,,0.7057,,,,,0.7057,,,,
Albania,ALB,"Annual freshwater withdrawals, total (billion cubic meters)",ER.H2O.FWTL.K3,,,,,,,,,,,,,,,,,,,,,,,,,,,,,,,,,1.18356,,,,,1.43046,,,,,1.66312,,,,,1.26804,,,,,1.19539,,,,,1.188,,,,
Andorra,AND,"Annual freshwater withdrawals, total (billion cubic meters)",ER.H2O.FWTL.K3,,,,,,,,,,,,,,,,,,,,,,,,,,,,,,,,,,,,,,,,,,,,,,,,,,,,,,,,,,,,,,
Arab World,ARB,"Annual freshwater withdrawals, total (billion cubic meters)",ER.H2O.FWTL.K3,,,,,,,,,,,,,,,,,,,,,,,,,,,,,,,,,,,,,,,,,,,,,,,,,,,,,,,,,,212.0282,,,,
United Arab Emirates,ARE,"Annual freshwater withdrawals, total (billion cubic meters)",ER.H2O.FWTL.K3,,,,,,,,,,,,,,,,,,,,,,,1.061066667,,,,,1.463733333,,,,,1.6146,,,,,2.04144,,,,,2.249986667,,,,,2.770727273,,,,,2.697545455,,,,,2.562,,,,
Argentina,ARG,"Annual freshwater withdrawals, total (billion cubic meters)",ER.H2O.FWTL.K3,,,,,,,,,,,,,,,,,,27.65157895,,,,,27.90947368,,,,,28.16736842,,,,,28.42456316,,,,,29.29427,,,,,31.69792045,,,,,35.02590909,,,,,37.69,,,,,37.69,,,,
Armenia,ARM,"Annual freshwater withdrawals, total (billion cubic meters)",ER.H2O.FWTL.K3,,,,,,,,,,,,,,,,,,,,,,,,,,,,,,,,,,,,,,1.85,,,,,1.732,,,,,3.012,,,,,2.941,,,,,2.865,,,,
American Samoa,ASM,"Annual freshwater withdrawals, total (billion cubic meters)",ER.H2O.FWTL.K3,,,,,,,,,,,,,,,,,,,,,,,,,,,,,,,,,,,,,,,,,,,,,,,,,,,,,,,,,,,,,,
Antigua and Barbuda,ATG,"Annual freshwater withdrawals, total (billion cubic meters)",ER.H2O.FWTL.K3,,,,,,,,,,,,,,,,,,,,,,,,,,,,,,,,,0.002153333,,,,,0.003286667,,,,,0.00442,,,,,0.0049,,,,,0.0044,,,,,0.0044,,,,
Australia,AUS,"Annual freshwater withdrawals, total (billion cubic meters)",ER.H2O.FWTL.K3,,,,,,,,,,,,,,,,,,,,,,,,,,,,,,,,,,,,,,21.9282,,,,,20.76128333,,,,,16.1621,,,,,15.41866667,,,,,15.945,,,,
Austria,AUT,"Annual freshwater withdrawals, total (billion cubic meters)",ER.H2O.FWTL.K3,,,,,,,,,,,,,,,,,,,,,,,3.4348,,,,,3.6682,,,,,3.6618,,,,,3.642,,,,,3.577,,,,,3.522625,,,,,3.49,,,,,3.49,,,,
Azerbaijan,AZE,"Annual freshwater withdrawals, total (billion cubic meters)",ER.H2O.FWTL.K3,,,,,,,,,,,,,,,,,,,,,,,,,,,,,,,,,16.202,,,,,12.518,,,,,10.075,,,,,12.27,,,,,11.97,,,,,12.7816,,,,
Burundi,BDI,"Annual freshwater withdrawals, total (billion cubic meters)",ER.H2O.FWTL.K3,,,,,,,,,,,,,,,,,,,,,,,,,,,,0.1,,,,,0.172307692,,,,,0.244615385,,,,,0.28484,,,,,0.2801,,,,,0.2801,,,,,0.2801,,,,
Belgium,BEL,"Annual freshwater withdrawals, total (billion cubic meters)",ER.H2O.FWTL.K3,,,,,,,,,,,,,,,,,,,,,,,8.92658,,,,,8.66678,,,,,8.40698,,,,,7.69,,,,,6.7357,,,,,6.214,,,,,5.3,,,,,3.994,,,,
Benin,BEN,"Annual freshwater withdrawals, total (billion cubic meters)",ER.H2O.FWTL.K3,,,,,,,,,,,,,,,,,,,,,,,,,,,,0.119635,,,,,0.1437625,,,,,0.143392857,,,,,0.13,,,,,0.13,,,,,0.13,,,,,0.13,,,,
Burkina Faso,BFA,"Annual freshwater withdrawals, total (billion cubic meters)",ER.H2O.FWTL.K3,,,,,,,,,,,,,,,,,,,,,,,,,,,,0.31456,,,,,0.376,,,,,0.472222222,,,,,0.75662,,,,,0.818,,,,,0.8167,,,,,0.8167,,,,
Bangladesh,BGD,"Annual freshwater withdrawals, total (billion cubic meters)",ER.H2O.FWTL.K3,,,,,,,,,,,,,,,,,,,,,,,,,,,,,,,,,,,,,,,,,,,,,,,,,,,,,35.87,,,,,35.87,,,,
Bulgaria,BGR,"Annual freshwater withdrawals, total (billion cubic meters)",ER.H2O.FWTL.K3,,,,,,,,,,,,,,,,,,,,,,,14.144,,,,,13.02902667,,,,,7.325533333,,,,,6.5802,,,,,6.5887,,,,,6.2018,,,,,5.7146,,,,,5.658,,,,
Bahrain,BHR,"Annual freshwater withdrawals, total (billion cubic meters)",ER.H2O.FWTL.K3,,,,,,,,,,,,,,,,,,,,,,,,,,,,,,,,,0.207767308,,,,,0.258373077,,,,,0.25591218,,,,,0.217027273,,,,,0.189936364,,,,,0.1551,,,,
"Bahamas, The",BHS,"Annual freshwater withdrawals, total (billion cubic meters)",ER.H2O.FWTL.K3,,,,,,,,,,,,,,,,,,,,,,,,,,,,,,,,,,,,,,,,,,,,,,,,,,,,,,,,,,,,,,
Bosnia and Herzegovina,BIH,"Annual freshwater withdrawals, total (billion cubic meters)",ER.H2O.FWTL.K3,,,,,,,,,,,,,,,,,,,,,,,,,,,,,,,,,,,,,,,,,,,0.3755,,,,,0.3896,,,,,0.4377,,,,,0.4009,,,,
Belarus,BLR,"Annual freshwater withdrawals, total (billion cubic meters)",ER.H2O.FWTL.K3,,,,,,,,,,,,,,,,,,,,,,,,,,,,,,,,,,,,,,1.9228,,,,,1.7846,,,,,1.6428,,,,,1.525333333,,,,,1.397,,,,
Belize,BLZ,"Annual freshwater withdrawals, total (billion cubic meters)",ER.H2O.FWTL.K3,,,,,,,,,,,,,,,,,,,,,,,,,,,,0.02,,,,,0.035445513,,,,,0.075124835,,,,,0.101,,,,,0.101,,,,,0.101,,,,,0.101,,,,
Bermuda,BMU,"Annual freshwater withdrawals, total (billion cubic meters)",ER.H2O.FWTL.K3,,,,,,,,,,,,,,,,,,,,,,,,,,,,,,,,,,,,,,,,,,,,,,,,,,,,,,,,,,,,,,
Bolivia,BOL,"Annual freshwater withdrawals, total (billion cubic meters)",ER.H2O.FWTL.K3,,,,,,,,,,,,,,,,,,,,,,,,,,,,1.24,,,,,1.537159091,,,,,1.834318182,,,,,1.998393939,,,,,2.073747475,,,,,2.088,,,,,2.088,,,,
Brazil,BRA,"Annual freshwater withdrawals, total (billion cubic meters)",ER.H2O.FWTL.K3,,,,,,,,,,,,,,,,,,,,,,,,,,,,35.04,,,,,46.05666667,,,,,55.15,,,,,56.75,,,,,62.22,,,,,69.8605,,,,,65.68,,,,
Barbados,BRB,"Annual freshwater withdrawals, total (billion cubic meters)",ER.H2O.FWTL.K3,,,0.03,,,,,0.0375,,,,,0.045,,,,,0.0525,,,,,0.06,,,,,0.0675,,,,,0.075,,,,,0.081,,,,,0.081,,,,,0.07,,,,,0.07,,,,,0.07,,,,
Brunei Darussalam,BRN,"Annual freshwater withdrawals, total (billion cubic meters)",ER.H2O.FWTL.K3,,,,,,,,,,,,,,,,,,,,,,,,,,,,,,,,,0.081333333,,,,,0.092,,,,,0.092,,,,,0.092,,,,,0.092,,,,,0.092,,,,
Bhutan,BTN,"Annual freshwater withdrawals, total (billion cubic meters)",ER.H2O.FWTL.K3,,,,,,,,,,,,,,,,,,,,,,,,,,,,,,,,,,,,,,,,,,,,,,,,,,,,,0.3379,,,,,0.3379,,,,
Botswana,BWA,"Annual freshwater withdrawals, total (billion cubic meters)",ER.H2O.FWTL.K3,,,,,,,,,,,,,,,,,,,,,,,,,,,,0.09656,,,,,0.113,,,,,0.16364,,,,,0.194581818,,,,,0.196036364,,,,,0.1944,,,,,0.193,,,,
Central African Republic,CAF,"Annual freshwater withdrawals, total (billion cubic meters)",ER.H2O.FWTL.K3,,,,,,,,,,,,,,,,,,,,,,,,,,,,0.0194,,,,,0.0374,,,,,0.0554,,,,,0.06872,,,,,0.0725,,,,,0.0725,,,,,0.0725,,,,
Canada,CAN,"Annual freshwater withdrawals, total (billion cubic meters)",ER.H2O.FWTL.K3,,,,,,,,,,,,,,,,,,,,,,,,,,,,42.7786,,,,,44.515,,,,,42.12975455,,,,,41.72352727,,,,,41.3173,,,,,36.44,,,,,35.73,,,,
Central Europe and the Baltics,CEB,"Annual freshwater withdrawals, total (billion cubic meters)",ER.H2O.FWTL.K3,,,,,,,,,,,,,,,,,,,,,,,,,,,,,,,,,,,,,,,,,,,,,,,,,,,,,,,,,,33.0247,,,,
Switzerland,CHE,"Annual freshwater withdrawals, total (billion cubic meters)",ER.H2O.FWTL.K3,,,,,,,,,,,,,,,,,,2.5944,,,,,2.6118,,,,,2.66,,,,,2.695,,,,,2.5581,,,,,2.518,,,,,2.26125,,,,,2.0045,,,,,1.734,,,,
Channel Islands,CHI,"Annual freshwater withdrawals, total (billion cubic meters)",ER.H2O.FWTL.K3,,,,,,,,,,,,,,,,,,,,,,,,,,,,,,,,,,,,,,,,,,,,,,,,,,,,,,,,,,,,,,
Chile,CHL,"Annual freshwater withdrawals, total (billion cubic meters)",ER.H2O.FWTL.K3,,,,,,,,,,,,,,,,,,,,,,,,,,,,,,,,,20.2852,,,,,25.69234286,,,,,31.08953571,,,,,35.368,,,,,35.368,,,,,35.368,,,,
China,CHN,"Annual freshwater withdrawals, total (billion cubic meters)",ER.H2O.FWTL.K3,,,,,,,,,,,,,,,,,,,,,,,460.465,,,,,488.636,,,,,516.9333333,,,,,539.9714286,,,,,552.18,,,,,568.7,,,,,598.8,,,,,591.8,,,,
Cote d'Ivoire,CIV,"Annual freshwater withdrawals, total (billion cubic meters)",ER.H2O.FWTL.K3,,,,,,,,,,,,,,,,,,,,,,,,,,,,0.709,,,,,1.166,,,,,1.3204,,,,,1.46496,,,,,1.462111111,,,,,1.248044444,,,,,1.162,,,,
Cameroon,CMR,"Annual freshwater withdrawals, total (billion cubic meters)",ER.H2O.FWTL.K3,,,,,,,,,,,,,,,,,,,,,,,,,,,,0.396,,,,,0.4,,,,,0.754,,,,,1.0152,,,,,1.0884,,,,,1.0884,,,,,1.0884,,,,
"Congo, Dem. Rep.",COD,"Annual freshwater withdrawals, total (billion cubic meters)",ER.H2O.FWTL.K3,,,,,,,,,,,,,,,,,,,,,,,,,,,,,,,,,,,,,,0.5193,,,,,0.6239,,,,,0.6836,,,,,0.6836,,,,,0.6836,,,,
"Congo, Rep.",COG,"Annual freshwater withdrawals, total (billion cubic meters)",ER.H2O.FWTL.K3,,,,,,,,,,,,,,,,,,,,,,,,,,,,0.04,,,,,0.042,,,,,0.044,,,,,0.046,,,,,0.046,,,,,0.046,,,,,0.046,,,,
Colombia,COL,"Annual freshwater withdrawals, total (billion cubic meters)",ER.H2O.FWTL.K3,,,,,,,,,,,,,,,,,,,,,,,,,,,,,,,,,,,,,,,,,,,8.75125,,,,,11.264375,,,,,12.68245285,,,,,13.60190569,,,,
Comoros,COM,"Annual freshwater withdrawals, total (billion cubic meters)",ER.H2O.FWTL.K3,,,,,,,,,,,,,,,,,,,,,,,,,,,,,,,,,,,,,,,,,,,0.01,,,,,0.01,,,,,0.01,,,,,0.01,,,,
Cabo Verde,CPV,"Annual freshwater withdrawals, total (billion cubic meters)",ER.H2O.FWTL.K3,,,,,,,,,,,,,,,,,,,,,,,,,,,,,,,,,,,,,,,,,,,0.0228,,,,,0.0253,,,,,0.0253,,,,,0.0253,,,,
Costa Rica,CRI,"Annual freshwater withdrawals, total (billion cubic meters)",ER.H2O.FWTL.K3,,,,,,,,,,,,,,,,,,,,,,,,,,,,,,,,,,,,,,,,,,,,,,,,,,,,,2.339,,,,,3.194,,,,
Caribbean small states,CSS,"Annual freshwater withdrawals, total (billion cubic meters)",ER.H2O.FWTL.K3,,,,,,,,,,,,,,,,,,,,,,,,,,,,,,,,,,,,,,,,,,,,,,,,,,,,,,,,,,4.0052,,,,
Cuba,CUB,"Annual freshwater withdrawals, total (billion cubic meters)",ER.H2O.FWTL.K3,,,,,,,,,,,,,,,,,,,,,,,,,,,,,,,,,,,,,,5.221131818,,,,,5.246061364,,,,,4.9363,,,,,6.645383333,,,,,6.958,,,,
Curacao,CUW,"Annual freshwater withdrawals, total (billion cubic meters)",ER.H2O.FWTL.K3,,,,,,,,,,,,,,,,,,,,,,,,,,,,,,,,,,,,,,,,,,,,,,,,,,,,,,,,,,,,,,
Cayman Islands,CYM,"Annual freshwater withdrawals, total (billion cubic meters)",ER.H2O.FWTL.K3,,,,,,,,,,,,,,,,,,,,,,,,,,,,,,,,,,,,,,,,,,,,,,,,,,,,,,,,,,,,,,
Cyprus,CYP,"Annual freshwater withdrawals, total (billion cubic meters)",ER.H2O.FWTL.K3,,,,,,,,,,,,,,,,,,0.1638,,,,,0.1862,,,,,0.2104,,,,,0.213,,,,,0.181142857,,,,,0.1707,,,,,0.1641,,,,,0.2553,,,,,0.216,,,,
Czech Republic,CZE,"Annual freshwater withdrawals, total (billion cubic meters)",ER.H2O.FWTL.K3,,,,,,,,,,,,,,,,,,,,,,,,,,,,,,,,,,,,,,2.4925,,,,,1.9081,,,,,1.9696,,,,,1.8404,,,,,1.63,,,,
Germany,DEU,"Annual freshwater withdrawals, total (billion cubic meters)",ER.H2O.FWTL.K3,,,,,,,,,,,,,,,,,,,,,,,,,,,,,,,,,46.004,,,,,42.6552,,,,,36.95714286,,,,,32.26,,,,,27.88066667,,,,,24.443,,,,
Djibouti,DJI,"Annual freshwater withdrawals, total (billion cubic meters)",ER.H2O.FWTL.K3,,,,,,,,,,,,,,,,,,,,,,,,,,,,0.009466667,,,,,0.013133333,,,,,0.0168,,,,,0.019,,,,,0.019,,,,,0.019,,,,,0.019,,,,
Dominica,DMA,"Annual freshwater withdrawals, total (billion cubic meters)",ER.H2O.FWTL.K3,,,,,,,,,,,,,,,,,,,,,,,,,,,,,,,,,,,,,,0.0166,,,,,0.0166,,,,,0.0183,,,,,0.02,,,,,0.02,,,,
Denmark,DNK,"Annual freshwater withdrawals, total (billion cubic meters)",ER.H2O.FWTL.K3,,,,,,,,,,,,,0.914,,,,,1.205,,,,,1.405,,,,,1.338333333,,,,,1.189359481,,,,,0.9175,,,,,0.6534,,,,,0.5554,,,,,0.7285,,,,,0.7411,,,,
Dominican Republic,DOM,"Annual freshwater withdrawals, total (billion cubic meters)",ER.H2O.FWTL.K3,,,,,,,,,,,,,,,,,,,,,,,,,,,,,,,,,,,,,,,,,,,5.107,,,,,6.1444,,,,,7.92476,,,,,9.0779,,,,
Algeria,DZA,"Annual freshwater withdrawals, total (billion cubic meters)",ER.H2O.FWTL.K3,,,,,,,,,,,,,2.2,,,,,2.7,,,,,3.2,,,,,3.9,,,,,4.675418182,,,,,5.273963636,,,,,6.043606061,,,,,6.92680303,,,,,7.8,,,,,9.802,,,,
East Asia & Pacific (excluding high income),EAP,"Annual freshwater withdrawals, total (billion cubic meters)",ER.H2O.FWTL.K3,,,,,,,,,,,,,,,,,,,,,,,,,,,,,,,,,,,,,,,,,,,,,,,,,,,,,,,,,,1106.5652,,,,
Early-demographic dividend,EAR,"Annual freshwater withdrawals, total (billion cubic meters)",ER.H2O.FWTL.K3,,,,,,,,,,,,,,,,,,,,,,,,,,,,,,,,,,,,,,,,,,,,,,,,,,,,,,,,,,1858.970438,,,,
East Asia & Pacific,EAS,"Annual freshwater withdrawals, total (billion cubic meters)",ER.H2O.FWTL.K3,,,,,,,,,,,,,,,,,,,,,,,,,,,,,,,,,,,,,,,,,,,,,,,,,,,,,,,,,,1243.3883,,,,
Europe & Central Asia (excluding high income),ECA,"Annual freshwater withdrawals, total (billion cubic meters)",ER.H2O.FWTL.K3,,,,,,,,,,,,,,,,,,,,,,,,,,,,,,,,,,,,,,,,,,,,,,,,,,,,,,,,,,300.7052,,,,
Europe & Central Asia,ECS,"Annual freshwater withdrawals, total (billion cubic meters)",ER.H2O.FWTL.K3,,,,,,,,,,,,,,,,,,,,,,,,,,,,,,,,,,,,,,,,,,,,,,,,,,,,,,,,,,497.1418,,,,
Ecuador,ECU,"Annual freshwater withdrawals, total (billion cubic meters)",ER.H2O.FWTL.K3,,,,,,,,,,,,,,,,,,,,,,,,,,,,,,,,,,,,,,,,,,,9.5861,,,,,9.9158,,,,,9.9158,,,,,9.9158,,,,
"Egypt, Arab Rep.",EGY,"Annual freshwater withdrawals, total (billion cubic meters)",ER.H2O.FWTL.K3,,,,,,,,,,,,,,,,,,48.96666667,,,,,50.88333333,,,,,52.8,,,,,54.69166667,,,,,62.09294286,,,,,69.31,,,,,73.6275,,,,,63.7,,,,,64.2,,,,
Euro area,EMU,"Annual freshwater withdrawals, total (billion cubic meters)",ER.H2O.FWTL.K3,,,,,,,,,,,,,,,,,,,,,,,,,,,,,,,,,,,,,,,,,,,,,,,,,,,,,,,,,,163.3425,,,,
Eritrea,ERI,"Annual freshwater withdrawals, total (billion cubic meters)",ER.H2O.FWTL.K3,,,,,,,,,,,,,,,,,,,,,,,,,,,,,,,,,,,,,,,,,,,0.4977,,,,,0.582,,,,,0.582,,,,,0.582,,,,
Spain,ESP,"Annual freshwater withdrawals, total (billion cubic meters)",ER.H2O.FWTL.K3,,,,,,,,,,,,,,,,,,37.616,,,,,42.052,,,,,44.0416,,,,,36.41666667,,,,,34.5,,,,,35.507,,,,,34.976,,,,,36.75,,,,,31.224,,,,
Estonia,EST,"Annual freshwater withdrawals, total (billion cubic meters)",ER.H2O.FWTL.K3,,,,,,,,,,,,,,,,,,,,,,,,,,,,,,,,,2.63,,,,,1.373828571,,,,,1.4134,,,,,1.8339,,,,,1.631,,,,,1.784,,,,
Ethiopia,ETH,"Annual freshwater withdrawals, total (billion cubic meters)",ER.H2O.FWTL.K3,,,,,,,,,,,,,,,,,,,,,,,,,,,,,,,,,,,,,,,,,,,5.558,,,,,8.349990909,,,,,9.571009091,,,,,10.5481,,,,
European Union,EUU,"Annual freshwater withdrawals, total (billion cubic meters)",ER.H2O.FWTL.K3,,,,,,,,,,,,,,,,,,,,,,,,,,,,,,,,,,,,,,,,,,,,,,,,,,,,,,,,,,195.7715,,,,
Fragile and conflict affected situations,FCS,"Annual freshwater withdrawals, total (billion cubic meters)",ER.H2O.FWTL.K3,,,,,,,,,,,,,,,,,,,,,,,,,,,,,,,,,,,,,,,,,,,,,,,,,,,,,,,,,,228.6844,,,,
Finland,FIN,"Annual freshwater withdrawals, total (billion cubic meters)",ER.H2O.FWTL.K3,,,,,,,,,,,,,3.4,,,,,3.61,,,,,3.82,,,,,3.3308,,,,,2.4306,,,,,2.45685,,,,,4.151271429,,,,,6.562,,,,,6.562,,,,,6.562,,,,
Fiji,FJI,"Annual freshwater withdrawals, total (billion cubic meters)",ER.H2O.FWTL.K3,,,,,,,,,,,,,,,,,,,,,,,,,,,,0.03,,,,,0.049884615,,,,,0.069769231,,,,,0.08298,,,,,0.0849,,,,,0.0849,,,,,0.0849,,,,
France,FRA,"Annual freshwater withdrawals, total (billion cubic meters)",ER.H2O.FWTL.K3,,,,,,,,,,,,,,,,,,,,,,,32.5316,,,,,36.0022,,,,,39.219,,,,,30.331,,,,,32.354,,,,,30.992,,,,,28.063,,,,,26.436,,,,
Faroe Islands,FRO,"Annual freshwater withdrawals, total (billion cubic meters)",ER.H2O.FWTL.K3,,,,,,,,,,,,,,,,,,,,,,,,,,,,,,,,,,,,,,,,,,,,,,,,,,,,,,,,,,,,,,
"Micronesia, Fed. Sts.",FSM,"Annual freshwater withdrawals, total (billion cubic meters)",ER.H2O.FWTL.K3,,,,,,,,,,,,,,,,,,,,,,,,,,,,,,,,,,,,,,,,,,,,,,,,,,,,,,,,,,,,,,
Gabon,GAB,"Annual freshwater withdrawals, total (billion cubic meters)",ER.H2O.FWTL.K3,,,,,,,,,,,,,,,,,,,,,,,,,,,,0.06,,,,,0.083192308,,,,,0.106384615,,,,,0.12782,,,,,0.1391,,,,,0.1391,,,,,0.1391,,,,
United Kingdom,GBR,"Annual freshwater withdrawals, total (billion cubic meters)",ER.H2O.FWTL.K3,,,,,,,,,,,,,,,,,,,,,,,12.688,,,,,11.708,,,,,12.048,,,,,12.24758182,,,,,12.64153636,,,,,8.513,,,,,8.017,,,,,8.419,,,,
Georgia,GEO,"Annual freshwater withdrawals, total (billion cubic meters)",ER.H2O.FWTL.K3,,,,,,,,,,,,,,,,,,,,,,,,,,,,,,,,,3.157506667,,,,,2.381273333,,,,,1.87452,,,,,1.819666667,,,,,1.823,,,,,1.823,,,,
Ghana,GHA,"Annual freshwater withdrawals, total (billion cubic meters)",ER.H2O.FWTL.K3,,,,,,,,,,,,,0.345466667,,,,,0.459133333,,,,,0.5728,,,,,0.686466667,,,,,0.800133333,,,,,0.9138,,,,,1.03625,,,,,1.171875,,,,,1.3155,,,,,1.4486,,,,
Gibraltar,GIB,"Annual freshwater withdrawals, total (billion cubic meters)",ER.H2O.FWTL.K3,,,,,,,,,,,,,,,,,,,,,,,,,,,,,,,,,,,,,,,,,,,,,,,,,,,,,,,,,,,,,,
Guinea,GIN,"Annual freshwater withdrawals, total (billion cubic meters)",ER.H2O.FWTL.K3,,,,,,,,,,,,,,,,,,,,,,,,,,,,0.74,,,,,0.677692308,,,,,0.615384615,,,,,0.56125,,,,,0.574,,,,,0.574,,,,,0.574,,,,
"Gambia, The",GMB,"Annual freshwater withdrawals, total (billion cubic meters)",ER.H2O.FWTL.K3,,,,,,,,,,,,,,,,,,,,,,,0.02,,,,,0.039926471,,,,,0.059852941,,,,,0.079779412,,,,,0.09494,,,,,0.1016,,,,,0.1016,,,,,0.1016,,,,
Guinea-Bissau,GNB,"Annual freshwater withdrawals, total (billion cubic meters)",ER.H2O.FWTL.K3,,,,,,,,,,,,,,,,,,,,,,,,,,,,,,,,,0.04828,,,,,0.175,,,,,0.175,,,,,0.175,,,,,0.175,,,,,0.175,,,,
Equatorial Guinea,GNQ,"Annual freshwater withdrawals, total (billion cubic meters)",ER.H2O.FWTL.K3,,,,,,,,,,,,,,,,,,,,,,,,,,,,0.01,,,,,0.012846154,,,,,0.015692308,,,,,0.01836,,,,,0.0198,,,,,0.0198,,,,,0.0198,,,,
Greece,GRC,"Annual freshwater withdrawals, total (billion cubic meters)",ER.H2O.FWTL.K3,,,,,,,,,,,,,4.26272,,,,,4.57748,,,,,5.2124,,,,,6.4324,,,,,8.038,,,,,8.685,,,,,9.236,,,,,9.6197,,,,,9.935,,,,,11.24,,,,
Grenada,GRD,"Annual freshwater withdrawals, total (billion cubic meters)",ER.H2O.FWTL.K3,,,,,,,,,,,,,,,,,,,,,,,,,,,,,,,,,,,,,,,,,,,,,,0.01,,,,,,,,,0.0141,,,,,,,
Greenland,GRL,"Annual freshwater withdrawals, total (billion cubic meters)",ER.H2O.FWTL.K3,,,,,,,,,,,,,,,,,,,,,,,,,,,,,,,,,,,,,,,,,,,,,,,,,,,,,,,,,,,,,,
Guatemala,GTM,"Annual freshwater withdrawals, total (billion cubic meters)",ER.H2O.FWTL.K3,,,,,,,,,,,,,,,,,,,,,,,,,,,,,,,,,,,,,,,,,,,2.606738095,,,,,3.3241,,,,,3.3241,,,,,3.3241,,,,
Guam,GUM,"Annual freshwater withdrawals, total (billion cubic meters)",ER.H2O.FWTL.K3,,,,,,,,,,,,,,,,,,,,,,,,,,,,,,,,,,,,,,,,,,,,,,,,,,,,,,,,,,,,,,
Guyana,GUY,"Annual freshwater withdrawals, total (billion cubic meters)",ER.H2O.FWTL.K3,,,,,,,,,,,,,,,,,,,,,,,,,,,,,,,,,1.46,,,,,1.5725,,,,,1.60928,,,,,1.5158,,,,,1.4447,,,,,1.4447,,,,
High income,HIC,"Annual freshwater withdrawals, total (billion cubic meters)",ER.H2O.FWTL.K3,,,,,,,,,,,,,,,,,,,,,,,,,,,,,,,,,,,,,,,,,,,,,,,,,,,,,,,,,,881.5359058,,,,
"Hong Kong SAR, China",HKG,"Annual freshwater withdrawals, total (billion cubic meters)",ER.H2O.FWTL.K3,,,,,,,,,,,,,,,,,,,,,,,,,,,,,,,,,,,,,,,,,,,,,,,,,,,,,,,,,,,,,,
Honduras,HND,"Annual freshwater withdrawals, total (billion cubic meters)",ER.H2O.FWTL.K3,,,,,,,,,,,,,,,,,,,,,,,,,,,,,,,,,,,,,,,,,,,,,,,,1.607,,,,,1.607,,,,,1.607,,,,
Heavily indebted poor countries (HIPC),HPC,"Annual freshwater withdrawals, total (billion cubic meters)",ER.H2O.FWTL.K3,,,,,,,,,,,,,,,,,,,,,,,,,,,,,,,,,,,,,,,,,,,,,,,,,,,,,,,,,,112.33415,,,,
Croatia,HRV,"Annual freshwater withdrawals, total (billion cubic meters)",ER.H2O.FWTL.K3,,,,,,,,,,,,,,,,,,,,,,,,,,,,,,,,,,,,,,,,,,,0.5735,,,,,0.650971429,,,,,0.661,,,,,0.6729,,,,
Haiti,HTI,"Annual freshwater withdrawals, total (billion cubic meters)",ER.H2O.FWTL.K3,,,,,,,,,,,,,,,,,,,,,,,,,,,,,,,,,1.056075,,,,,1.308228571,,,,,1.3673,,,,,1.426371429,,,,,1.45,,,,,1.45,,,,
Hungary,HUN,"Annual freshwater withdrawals, total (billion cubic meters)",ER.H2O.FWTL.K3,,,,,,,,,,,,,3.37456,,,,,4.30148,,,,,5.4232,,,,,6.575214286,,,,,7.137,,,,,5.968833333,,,,,5.76,,,,,5.486666667,,,,,5.051,,,,,4.499,,,,
IBRD only,IBD,"Annual freshwater withdrawals, total (billion cubic meters)",ER.H2O.FWTL.K3,,,,,,,,,,,,,,,,,,,,,,,,,,,,,,,,,,,,,,,,,,,,,,,,,,,,,,,,,,2518.408538,,,,
IDA & IBRD total,IBT,"Annual freshwater withdrawals, total (billion cubic meters)",ER.H2O.FWTL.K3,,,,,,,,,,,,,,,,,,,,,,,,,,,,,,,,,,,,,,,,,,,,,,,,,,,,,,,,,,3033.964488,,,,
IDA total,IDA,"Annual freshwater withdrawals, total (billion cubic meters)",ER.H2O.FWTL.K3,,,,,,,,,,,,,,,,,,,,,,,,,,,,,,,,,,,,,,,,,,,,,,,,,,,,,,,,,,515.55595,,,,
IDA blend,IDB,"Annual freshwater withdrawals, total (billion cubic meters)",ER.H2O.FWTL.K3,,,,,,,,,,,,,,,,,,,,,,,,,,,,,,,,,,,,,,,,,,,,,,,,,,,,,,,,,,281.6225,,,,
Indonesia,IDN,"Annual freshwater withdrawals, total (billion cubic meters)",ER.H2O.FWTL.K3,,,,,,,,,,,,,,,,,,,,,,,,,,,,,,,,,82.11504,,,,,101.58619,,,,,126.940625,,,,,161.1171875,,,,,195.29375,,,,,222.635,,,,
IDA only,IDX,"Annual freshwater withdrawals, total (billion cubic meters)",ER.H2O.FWTL.K3,,,,,,,,,,,,,,,,,,,,,,,,,,,,,,,,,,,,,,,,,,,,,,,,,,,,,,,,,,233.93345,,,,
Isle of Man,IMN,"Annual freshwater withdrawals, total (billion cubic meters)",ER.H2O.FWTL.K3,,,,,,,,,,,,,,,,,,,,,,,,,,,,,,,,,,,,,,,,,,,,,,,,,,,,,,,,,,,,,,
India,IND,"Annual freshwater withdrawals, total (billion cubic meters)",ER.H2O.FWTL.K3,,,,,,,,,,,,,,,,,,403.34,,,,,461.69,,,,,498.02,,,,,522.0799,,,,,577.2795,,,,,640.51948,,,,,715.81943,,,,,647.5,,,,,647.5,,,,
Not classified,INX,"Annual freshwater withdrawals, total (billion cubic meters)",ER.H2O.FWTL.K3,,,,,,,,,,,,,,,,,,,,,,,,,,,,,,,,,,,,,,,,,,,,,,,,,,,,,,,,,,,,,,
Ireland,IRL,"Annual freshwater withdrawals, total (billion cubic meters)",ER.H2O.FWTL.K3,,,,,,,,,,,,,,,,,,,,,,,1.085142857,,,,,1.123,,,,,1.160857143,,,,,1.073181818,,,,,0.901818182,,,,,0.73,,,,,0.757,,,,,0.757,,,,
"Iran, Islamic Rep.",IRN,"Annual freshwater withdrawals, total (billion cubic meters)",ER.H2O.FWTL.K3,,,,,,,,,,,,,,,,,,47.78177778,,,,,54.73738889,,,,,61.69266667,,,,,68.64511111,,,,,85.197,,,,,90.7985,,,,,92.95,,,,,92.95,,,,,92.95,,,,
Iraq,IRQ,"Annual freshwater withdrawals, total (billion cubic meters)",ER.H2O.FWTL.K3,,,,,,,,,,,,,,,,,,40.654,,,,,40.885,,,,,41.732,,,,,47.44,,,,,59.0326,,,,,62.27765714,,,,,52.9903,,,,,43.69794286,,,,,38.538,,,,
Iceland,ISL,"Annual freshwater withdrawals, total (billion cubic meters)",ER.H2O.FWTL.K3,,,,,,,,,,,,,,,,,,,,,,,0.1096,,,,,0.134,,,,,0.167,,,,,0.1645,,,,,0.165,,,,,0.214075,,,,,0.294,,,,,0.29,,,,
Israel,ISR,"Annual freshwater withdrawals, total (billion cubic meters)",ER.H2O.FWTL.K3,,,,,,,,,,,,,1.5662,,,,,1.6192,,,,,1.7098,,,,,1.696,,,,,1.5516,,,,,1.5648,,,,,1.5435,,,,,1.3795,,,,,1.2624,,,,,1.198,,,,
Italy,ITA,"Annual freshwater withdrawals, total (billion cubic meters)",ER.H2O.FWTL.K3,,,,,,,,,,,,,42.67174286,,,,,45.3471,,,,,45.80525714,,,,,42.89261429,,,,,42.12449365,,,,,44.62540635,,,,,41.73437582,,,,,33.45631538,,,,,33.98446923,,,,,34.0457,,,,
Jamaica,JAM,"Annual freshwater withdrawals, total (billion cubic meters)",ER.H2O.FWTL.K3,,,,,,,,,,,,,,,,,,,,,,,,,,,,,,,,,,,,,,1.046071429,,,,,1.194285714,,,,,1.3425,,,,,1.490714286,,,,,1.35,,,,
Jordan,JOR,"Annual freshwater withdrawals, total (billion cubic meters)",ER.H2O.FWTL.K3,,,,,,,,,,,,,,,,,,0.4846,,,,,0.5686,,,,,0.7242,,,,,0.936142857,,,,,0.825025,,,,,0.738664286,,,,,0.932,,,,,0.849,,,,,0.9036,,,,
Japan,JPN,"Annual freshwater withdrawals, total (billion cubic meters)",ER.H2O.FWTL.K3,,,,,,,,,,,,,,,,,,,,,,,88.75933333,,,,,90.15766667,,,,,91.4,,,,,89.19,,,,,84.45,,,,,82.75,,,,,81.222,,,,,81.222,,,,
Kazakhstan,KAZ,"Annual freshwater withdrawals, total (billion cubic meters)",ER.H2O.FWTL.K3,,,,,,,,,,,,,,,,,,,,,,,,,,,,,,,,,,,,,,27.0054,,,,,22.26,,,,,22.81,,,,,21.39,,,,,22.45,,,,
Kenya,KEN,"Annual freshwater withdrawals, total (billion cubic meters)",ER.H2O.FWTL.K3,,,,,,,,,,,,,,,,,,,,,,,,,,,,,,,,,1.951184615,,,,,1.706646154,,,,,2.066641026,,,,,2.833142857,,,,,3.2188,,,,,4.032,,,,
Kyrgyz Republic,KGZ,"Annual freshwater withdrawals, total (billion cubic meters)",ER.H2O.FWTL.K3,,,,,,,,,,,,,,,,,,,,,,,,,,,,,,,,,,,,,,9.935,,,,,9.289,,,,,7.707,,,,,7.707,,,,,7.707,,,,
Cambodia,KHM,"Annual freshwater withdrawals, total (billion cubic meters)",ER.H2O.FWTL.K3,,,,,,,,,,,,,,,,,,,,,,,,,,,,,,,,,,,,,,,,,,,,,,,,2.184,,,,,2.184,,,,,2.184,,,,
Kiribati,KIR,"Annual freshwater withdrawals, total (billion cubic meters)",ER.H2O.FWTL.K3,,,,,,,,,,,,,,,,,,,,,,,,,,,,,,,,,,,,,,,,,,,,,,,,,,,,,,,,,,,,,,
St. Kitts and Nevis,KNA,"Annual freshwater withdrawals, total (billion cubic meters)",ER.H2O.FWTL.K3,,,,,,,,,,,,,,,,,,,,,,,,,,,,,,,,,,,,,,,,,,,,,,,,,,,,,0.0122,,,,,0.0122,,,,
"Korea, Rep.",KOR,"Annual freshwater withdrawals, total (billion cubic meters)",ER.H2O.FWTL.K3,,,,,,,,,,,,,,,,,,,,,,,,,,,,,,,,,21.96142857,,,,,25.44,,,,,29.168,,,,,29.197,,,,,29.197,,,,,29.197,,,,
Kuwait,KWT,"Annual freshwater withdrawals, total (billion cubic meters)",ER.H2O.FWTL.K3,,,,,,,,,,,,,,,,,,,,,,,,,,,,,,,,,,,,,,0.313216468,,,,,0.415,,,,,0.516846154,,,,,0.618692308,,,,,0.7701,,,,
Latin America & Caribbean (excluding high income),LAC,"Annual freshwater withdrawals, total (billion cubic meters)",ER.H2O.FWTL.K3,,,,,,,,,,,,,,,,,,,,,,,,,,,,,,,,,,,,,,,,,,,,,,,,,,,,,,,,,,269.4043436,,,,
Lao PDR,LAO,"Annual freshwater withdrawals, total (billion cubic meters)",ER.H2O.FWTL.K3,,,,,,,,,,,,,,,,,,,,,,,,,,,,,,,,,,,,,,,,,,,,,,,,4.399,,,,,6.664,,,,,7.32,,,,
Lebanon,LBN,"Annual freshwater withdrawals, total (billion cubic meters)",ER.H2O.FWTL.K3,,,,,,,,,,,,,,,,,,0.807842105,,,,,0.950684211,,,,,1.09331579,,,,,1.234157895,,,,,1.361,,,,,1.2168,,,,,1.2392,,,,,1.5972,,,,,1.812,,,,
Liberia,LBR,"Annual freshwater withdrawals, total (billion cubic meters)",ER.H2O.FWTL.K3,,,,,,,,,,,,,,,,,,,,,,,,,,,,0.13,,,,,0.130307692,,,,,0.130615385,,,,,0.13684,,,,,0.1459,,,,,0.1459,,,,,0.1459,,,,
Libya,LBY,"Annual freshwater withdrawals, total (billion cubic meters)",ER.H2O.FWTL.K3,,,,,,,,,,,,,,,,,,1.308,,,,,2.128,,,,,3.773,,,,,4.68,,,,,4.46284,,,,,4.5394,,,,,5.124642857,,,,,5.72,,,,,5.72,,,,
St. Lucia,LCA,"Annual freshwater withdrawals, total (billion cubic meters)",ER.H2O.FWTL.K3,,,,,,,,,,,,,,,,,,,,,,,,,,,,,,,,,,,,,,,,,,,,,,,,0.0429,,,,,0.0429,,,,,0.0429,,,,
Latin America & Caribbean,LCN,"Annual freshwater withdrawals, total (billion cubic meters)",ER.H2O.FWTL.K3,,,,,,,,,,,,,,,,,,,,,,,,,,,,,,,,,,,,,,,,,,,,,,,,,,,,,,,,,,332.3512436,,,,
Least developed countries: UN classification,LDC,"Annual freshwater withdrawals, total (billion cubic meters)",ER.H2O.FWTL.K3,,,,,,,,,,,,,,,,,,,,,,,,,,,,,,,,,,,,,,,,,,,,,,,,,,,,,,,,,,196.50965,,,,
Low income,LIC,"Annual freshwater withdrawals, total (billion cubic meters)",ER.H2O.FWTL.K3,,,,,,,,,,,,,,,,,,,,,,,,,,,,,,,,,,,,,,,,,,,,,,,,,,,,,,,,,,116.7953,,,,
Liechtenstein,LIE,"Annual freshwater withdrawals, total (billion cubic meters)",ER.H2O.FWTL.K3,,,,,,,,,,,,,,,,,,,,,,,,,,,,,,,,,,,,,,,,,,,,,,,,,,,,,,,,,,,,,,
Sri Lanka,LKA,"Annual freshwater withdrawals, total (billion cubic meters)",ER.H2O.FWTL.K3,,,,,,,,,,,,,,,,,,,,,,,,,,,,,,,,,10.41732,,,,,12.03812,,,,,12.98476,,,,,12.946,,,,,12.946,,,,,12.946,,,,
Lower middle income,LMC,"Annual freshwater withdrawals, total (billion cubic meters)",ER.H2O.FWTL.K3,,,,,,,,,,,,,,,,,,,,,,,,,,,,,,,,,,,,,,,,,,,,,,,,,,,,,,,,,,1660.97745,,,,
Low & middle income,LMY,"Annual freshwater withdrawals, total (billion cubic meters)",ER.H2O.FWTL.K3,,,,,,,,,,,,,,,,,,,,,,,,,,,,,,,,,,,,,,,,,,,,,,,,,,,,,,,,,,2976.814194,,,,
Lesotho,LSO,"Annual freshwater withdrawals, total (billion cubic meters)",ER.H2O.FWTL.K3,,,,,,,,,,,,,,,,,,,,,,,,,,,,0.05,,,,,0.046839744,,,,,0.043679487,,,,,0.0438,,,,,0.0438,,,,,0.0438,,,,,0.0438,,,,
Late-demographic dividend,LTE,"Annual freshwater withdrawals, total (billion cubic meters)",ER.H2O.FWTL.K3,,,,,,,,,,,,,,,,,,,,,,,,,,,,,,,,,,,,,,,,,,,,,,,,,,,,,,,,,,1049.7548,,,,
Lithuania,LTU,"Annual freshwater withdrawals, total (billion cubic meters)",ER.H2O.FWTL.K3,,,,,,,,,,,,,,,,,,,,,,,,,,,,,,,,,,,,,,3.808971429,,,,,2.589763462,,,,,2.264,,,,,0.5368,,,,,0.259,,,,
Luxembourg,LUX,"Annual freshwater withdrawals, total (billion cubic meters)",ER.H2O.FWTL.K3,,,,,,,,,,,,,0.03788,,,,,0.04138,,,,,0.05062,,,,,0.065,,,,,0.06,,,,,0.0589,,,,,0.05666,,,,,0.04976,,,,,0.0446,,,,,0.0456,,,,
Latvia,LVA,"Annual freshwater withdrawals, total (billion cubic meters)",ER.H2O.FWTL.K3,,,,,,,,,,,,,,,,,,,,,,,,,,,,,,,,,,,,,,0.35996,,,,,0.2445,,,,,0.2066,,,,,0.2482,,,,,0.1811,,,,
"Macao SAR, China",MAC,"Annual freshwater withdrawals, total (billion cubic meters)",ER.H2O.FWTL.K3,,,,,,,,,,,,,,,,,,,,,,,,,,,,,,,,,,,,,,,,,,,,,,,,,,,,,,,,,,,,,,
St. Martin (French part),MAF,"Annual freshwater withdrawals, total (billion cubic meters)",ER.H2O.FWTL.K3,,,,,,,,,,,,,,,,,,,,,,,,,,,,,,,,,,,,,,,,,,,,,,,,,,,,,,,,,,,,,,
Morocco,MAR,"Annual freshwater withdrawals, total (billion cubic meters)",ER.H2O.FWTL.K3,,,,,,,,,,,,,,,,,,9.42,,,,,10.43,,,,,10.592,,,,,11.0416,,,,,11.65206,,,,,14.813,,,,,12.163,,,,,10.573,,,,,10.573,,,,
Monaco,MCO,"Annual freshwater withdrawals, total (billion cubic meters)",ER.H2O.FWTL.K3,,,,,,,,,,,,,,,,,,,,,,,,,,,,,,,,,0.0065,,,,,0.006,,,,,0.0058,,,,,0.0055,,,,,0.005,,,,,0.005,,,,
Moldova,MDA,"Annual freshwater withdrawals, total (billion cubic meters)",ER.H2O.FWTL.K3,,,,,,,,,,,,,,,,,,,,,,,,,,,,,,,,,1.963,,,,,1.488954546,,,,,0.866,,,,,0.854,,,,,0.85,,,,,0.84,,,,
Madagascar,MDG,"Annual freshwater withdrawals, total (billion cubic meters)",ER.H2O.FWTL.K3,,,,,,,,,,,,,,,,,,,,,,,,,,,,15.7529875,,,,,14.8363,,,,,13.9196125,,,,,13.40476,,,,,13.5569,,,,,13.5569,,,,,13.5569,,,,
Maldives,MDV,"Annual freshwater withdrawals, total (billion cubic meters)",ER.H2O.FWTL.K3,,,,,,,,,,,,,,,,,,,,,,,,,,,,0.0034,,,,,0.003709524,,,,,0.004932692,,,,,0.005075,,,,,0.004638095,,,,,0.0047,,,,,0.0047,,,,
Middle East & North Africa,MEA,"Annual freshwater withdrawals, total (billion cubic meters)",ER.H2O.FWTL.K3,,,,,,,,,,,,,,,,,,,,,,,,,,,,,,,,,,,,,,,,,,,,,,,,,,,,,,,,,,274.628,,,,
Mexico,MEX,"Annual freshwater withdrawals, total (billion cubic meters)",ER.H2O.FWTL.K3,,,,,,,,,,,,,,,,,,,,,,,57.19008571,,,,,60.2403,,,,,63.29051429,,,,,66.34072857,,,,,72.3,,,,,78.65,,,,,82.73,,,,,87.84,,,,
Marshall Islands,MHL,"Annual freshwater withdrawals, total (billion cubic meters)",ER.H2O.FWTL.K3,,,,,,,,,,,,,,,,,,,,,,,,,,,,,,,,,,,,,,,,,,,,,,,,,,,,,,,,,,,,,,
Middle income,MIC,"Annual freshwater withdrawals, total (billion cubic meters)",ER.H2O.FWTL.K3,,,,,,,,,,,,,,,,,,,,,,,,,,,,,,,,,,,,,,,,,,,,,,,,,,,,,,,,,,2860.018894,,,,
North Macedonia,MKD,"Annual freshwater withdrawals, total (billion cubic meters)",ER.H2O.FWTL.K3,,,,,,,,,,,,,,,,,,,,,,,,,,,,,,,,,,,,,,1.33925,,,,,0.6332,,,,,0.5512,,,,,0.6328,,,,,1.044,,,,
Mali,MLI,"Annual freshwater withdrawals, total (billion cubic meters)",ER.H2O.FWTL.K3,,,,,,,,,,,,,,,,,,,,,,,,,,,,1.36,,,,,2.715087719,,,,,4.055842105,,,,,5.103263158,,,,,5.186,,,,,5.186,,,,,5.186,,,,
Malta,MLT,"Annual freshwater withdrawals, total (billion cubic meters)",ER.H2O.FWTL.K3,,,,,,,,,,,,,,,,,,,,,,,0.0248,,,,,0.02618,,,,,0.02438,,,,,0.026357143,,,,,0.034,,,,,0.0368,,,,,0.0401,,,,,0.043,,,,
Myanmar,MMR,"Annual freshwater withdrawals, total (billion cubic meters)",ER.H2O.FWTL.K3,,,,,,,,,,,,,,,,,,,,,,,,,,,,28.256,,,,,30.16726923,,,,,32.07853846,,,,,33.231,,,,,33.231,,,,,33.231,,,,,33.231,,,,
Middle East & North Africa (excluding high income),MNA,"Annual freshwater withdrawals, total (billion cubic meters)",ER.H2O.FWTL.K3,,,,,,,,,,,,,,,,,,,,,,,,,,,,,,,,,,,,,,,,,,,,,,,,,,,,,,,,,,246.815,,,,
Montenegro,MNE,"Annual freshwater withdrawals, total (billion cubic meters)",ER.H2O.FWTL.K3,,,,,,,,,,,,,,,,,,,,,,,,,,,,,,,,,,,,,,,,,,,,,,,,0.169433333,,,,,0.1609,,,,,0.1609,,,,
Mongolia,MNG,"Annual freshwater withdrawals, total (billion cubic meters)",ER.H2O.FWTL.K3,,,,,,,,,,,,,,,,,,,,,,,,,,,,,,,,,,,,,,0.462461539,,,,,0.505538462,,,,,0.543666667,,,,,0.4903,,,,,0.4624,,,,
Northern Mariana Islands,MNP,"Annual freshwater withdrawals, total (billion cubic meters)",ER.H2O.FWTL.K3,,,,,,,,,,,,,,,,,,,,,,,,,,,,,,,,,,,,,,,,,,,,,,,,,,,,,,,,,,,,,,
Mozambique,MOZ,"Annual freshwater withdrawals, total (billion cubic meters)",ER.H2O.FWTL.K3,,,,,,,,,,,,,,,,,,,,,,,,,,,,,,,,,0.658112727,,,,,0.790894546,,,,,0.950051429,,,,,1.166748571,,,,,1.358155714,,,,,1.473,,,,
Mauritania,MRT,"Annual freshwater withdrawals, total (billion cubic meters)",ER.H2O.FWTL.K3,,,,,,,,,,,,,,,,,,,,,,,1.08923,,,,,1.624491667,,,,,1.613533333,,,,,1.604575,,,,,1.4711,,,,,1.3482,,,,,1.3482,,,,,1.3482,,,,
Mauritius,MUS,"Annual freshwater withdrawals, total (billion cubic meters)",ER.H2O.FWTL.K3,,,,,,,,,,,,,,,,,,0.387466667,,,,,0.456133333,,,,,0.5248,,,,,0.5856,,,,,0.613,,,,,0.686666667,,,,,0.63,,,,,0.582,,,,,0.61,,,,
Malawi,MWI,"Annual freshwater withdrawals, total (billion cubic meters)",ER.H2O.FWTL.K3,,,,,,,,,,,,,,,,,,,,,,,,,,,,,,,,,,,,,,1.086125,,,,,1.33802,,,,,1.3568,,,,,1.3568,,,,,1.3568,,,,
Malaysia,MYS,"Annual freshwater withdrawals, total (billion cubic meters)",ER.H2O.FWTL.K3,,,,,,,,,,,,,,,,,,,,,,,,,,,,,,,,,8.647433333,,,,,5.523052632,,,,,5.71831579,,,,,5.913578947,,,,,6.108842105,,,,,6.707,,,,
North America,NAC,"Annual freshwater withdrawals, total (billion cubic meters)",ER.H2O.FWTL.K3,,,,,,,,,,,,,,,,,,,,,,,,,,,,,,,,,,,,,,,,,,,,,,,,,,,,,,,,,,480.1261118,,,,
Namibia,NAM,"Annual freshwater withdrawals, total (billion cubic meters)",ER.H2O.FWTL.K3,,,,,,,,,,,,,,,,,,,,,,,,,,,,0.1762,,,,,0.2547,,,,,0.2749,,,,,0.2819,,,,,0.2819,,,,,0.2819,,,,,0.2819,,,,
New Caledonia,NCL,"Annual freshwater withdrawals, total (billion cubic meters)",ER.H2O.FWTL.K3,,,,,,,,,,,,,,,,,,,,,,,,,,,,,,,,,,,,,,,,,,,,,,,,,,,,,,,,,,,,,,
Niger,NER,"Annual freshwater withdrawals, total (billion cubic meters)",ER.H2O.FWTL.K3,,,,,,,,,,,,,,,,,,,,,,,,,,,,,,,,,0.613788235,,,,,0.756023529,,,,,0.898258824,,,,,1.100911111,,,,,1.394188889,,,,,1.7472,,,,
Nigeria,NGA,"Annual freshwater withdrawals, total (billion cubic meters)",ER.H2O.FWTL.K3,,,,,,,,,,,,,,,,,,,,,,,,,,,,5.59,,,,,7.400846154,,,,,9.215384615,,,,,10.8102,,,,,11.9314,,,,,12.472,,,,,12.472,,,,
Nicaragua,NIC,"Annual freshwater withdrawals, total (billion cubic meters)",ER.H2O.FWTL.K3,,,,,,,,,,,,,,,,,,,,,,,,,,,,,,,,,,,,,,,,,,,1.455828571,,,,,1.5308,,,,,1.5433,,,,,1.5433,,,,
Netherlands,NLD,"Annual freshwater withdrawals, total (billion cubic meters)",ER.H2O.FWTL.K3,,,,,,,,,,,,,,,,,,,,,,,9.2584,,,,,8.8026,,,,,7.6878,,,,,6.9885,,,,,9.573575,,,,,10.94,,,,,10.72,,,,,7.9884,,,,
Norway,NOR,"Annual freshwater withdrawals, total (billion cubic meters)",ER.H2O.FWTL.K3,,,,,,,,,,,,,,,,,,,,,,,2.0525,,,,,2.18370625,,,,,2.314925,,,,,2.396033333,,,,,2.554042857,,,,,3.026,,,,,2.7318,,,,,2.6911,,,,
Nepal,NPL,"Annual freshwater withdrawals, total (billion cubic meters)",ER.H2O.FWTL.K3,,,,,,,,,,,,,,,,,,,,,,,,,,,,,,,,,,,,,,,,,,,9.53634,,,,,9.4971,,,,,9.4971,,,,,9.4971,,,,
Nauru,NRU,"Annual freshwater withdrawals, total (billion cubic meters)",ER.H2O.FWTL.K3,,,,,,,,,,,,,,,,,,,,,,,,,,,,,,,,,,,,,,,,,,,,,,,,,,,,,,,,,,,,,,
New Zealand,NZL,"Annual freshwater withdrawals, total (billion cubic meters)",ER.H2O.FWTL.K3,,,,,,,,,,,,,,,,,,,,,,,1.48,,,,,2.077142857,,,,,2.52,,,,,2.962857143,,,,,3.897714286,,,,,4.98125,,,,,7.538,,,,,9.875,,,,
OECD members,OED,"Annual freshwater withdrawals, total (billion cubic meters)",ER.H2O.FWTL.K3,,,,,,,,,,,,,,,,,,,,,,,,,,,,,,,,,,,,,,,,,,,,,,,,,,,,,,,,,,1013.119717,,,,
Oman,OMN,"Annual freshwater withdrawals, total (billion cubic meters)",ER.H2O.FWTL.K3,,,,,,,,,,,,,,,,,,,,,,,,,,,,,,,,,1.210631313,,,,,1.244787879,,,,,1.2565,,,,,1.3652,,,,,1.5892,,,,,1.634,,,,
Other small states,OSS,"Annual freshwater withdrawals, total (billion cubic meters)",ER.H2O.FWTL.K3,,,,,,,,,,,,,,,,,,,,,,,,,,,,,,,,,,,,,,,,,,,,,,,,,,,,,,,,,,7.245094,,,,
Pakistan,PAK,"Annual freshwater withdrawals, total (billion cubic meters)",ER.H2O.FWTL.K3,,,,,,,,,,,,,,,,,,153.647,,,,,154.3445,,,,,155.042,,,,,157.4844444,,,,,166.9066667,,,,,175.1115,,,,,181.94625,,,,,187.88,,,,,200,,,,
Panama,PAN,"Annual freshwater withdrawals, total (billion cubic meters)",ER.H2O.FWTL.K3,,,,,,,,,,,,,,,,,,,,,,,,,,,,,,,,,,,,,,,,,,,,,,,,,,,,,1.155533333,,,,,1.2114,,,,
Peru,PER,"Annual freshwater withdrawals, total (billion cubic meters)",ER.H2O.FWTL.K3,,,,,,,,,,,,,,,,,,,,,,,,,,,,,,,,,,,,,,,,,,,,,,,,,,,,,14.83726895,,,,,16.10953791,,,,
Philippines,PHL,"Annual freshwater withdrawals, total (billion cubic meters)",ER.H2O.FWTL.K3,,,,,,,,,,,,,,,,,,,,,,,,,,,,,,,,,,,,,,,,,,,,,,,,81.496,,,,,84.248,,,,,92.75,,,,
Palau,PLW,"Annual freshwater withdrawals, total (billion cubic meters)",ER.H2O.FWTL.K3,,,,,,,,,,,,,,,,,,,,,,,,,,,,,,,,,,,,,,,,,,,,,,,,,,,,,,,,,,,,,,
Papua New Guinea,PNG,"Annual freshwater withdrawals, total (billion cubic meters)",ER.H2O.FWTL.K3,,,,,,,,,,,,,,,,,,,,,,,,,,,,,,,,,,,,,,,,,,,0.31968,,,,,0.3921,,,,,0.3921,,,,,0.3921,,,,
Poland,POL,"Annual freshwater withdrawals, total (billion cubic meters)",ER.H2O.FWTL.K3,,,,,,,,,,,,,11.4806,,,,,14.1716,,,,,15.6438,,,,,15.9146,,,,,13.38,,,,,12.793,,,,,11.719,,,,,12.02,,,,,11.47,,,,,10.08,,,,
Pre-demographic dividend,PRE,"Annual freshwater withdrawals, total (billion cubic meters)",ER.H2O.FWTL.K3,,,,,,,,,,,,,,,,,,,,,,,,,,,,,,,,,,,,,,,,,,,,,,,,,,,,,,,,,,149.57715,,,,
Puerto Rico,PRI,"Annual freshwater withdrawals, total (billion cubic meters)",ER.H2O.FWTL.K3,,,,,,,,,,,,,,,,,,,,,,,,,,,,,,,,,0.80936,,,,,0.83876,,,,,0.9132,,,,,1.00584,,,,,0.9602,,,,,0.875,,,,
"Korea, Dem. People's Rep.",PRK,"Annual freshwater withdrawals, total (billion cubic meters)",ER.H2O.FWTL.K3,,,,,,,,,,,,,,,,,,,,,,,,,,,,,,,,,,,,,,,,,,,8.59648,,,,,8.6578,,,,,8.6578,,,,,8.6578,,,,
Portugal,PRT,"Annual freshwater withdrawals, total (billion cubic meters)",ER.H2O.FWTL.K3,,,,,,,,,,,,,,,,,,,,,,,,,,,,,,,,,10.0701619,,,,,11.70697143,,,,,11.25368571,,,,,9.146,,,,,9.146,,,,,9.146,,,,
Paraguay,PRY,"Annual freshwater withdrawals, total (billion cubic meters)",ER.H2O.FWTL.K3,,,,,,,,,,,,,,,,,,,,,,,,,,,,0.43,,,,,0.453076923,,,,,0.476153846,,,,,0.823969697,,,,,1.658893939,,,,,2.413,,,,,2.413,,,,
West Bank and Gaza,PSE,"Annual freshwater withdrawals, total (billion cubic meters)",ER.H2O.FWTL.K3,,,,,,,,,,,,,,,,,,,,,,,,,,,,,,,,,,,,,,,,,,0.269,,,,0.408,,,,,,,,,,,,,,,,
Pacific island small states,PSS,"Annual freshwater withdrawals, total (billion cubic meters)",ER.H2O.FWTL.K3,,,,,,,,,,,,,,,,,,,,,,,,,,,,,,,,,,,,,,,,,,,,,,,,,,,,,,,,,,,,,,
Post-demographic dividend,PST,"Annual freshwater withdrawals, total (billion cubic meters)",ER.H2O.FWTL.K3,,,,,,,,,,,,,,,,,,,,,,,,,,,,,,,,,,,,,,,,,,,,,,,,,,,,,,,,,,822.5907118,,,,
French Polynesia,PYF,"Annual freshwater withdrawals, total (billion cubic meters)",ER.H2O.FWTL.K3,,,,,,,,,,,,,,,,,,,,,,,,,,,,,,,,,,,,,,,,,,,,,,,,,,,,,,,,,,,,,,
Qatar,QAT,"Annual freshwater withdrawals, total (billion cubic meters)",ER.H2O.FWTL.K3,,,,,,,,,,,,,,,,,,0.1642,,,,,0.1997,,,,,0.2352,,,,,0.1887,,,,,0.1623,,,,,0.18674,,,,,0.2253,,,,,0.24605,,,,,0.2508,,,,
Romania,ROU,"Annual freshwater withdrawals, total (billion cubic meters)",ER.H2O.FWTL.K3,,,,,,,,,,,,,11.514,,,,,16.16,,,,,19.48,,,,,20.464,,,,,20.09666667,,,,,12.46,,,,,9.222,,,,,6.884,,,,,6.482,,,,,6.773,,,,
Russian Federation,RUS,"Annual freshwater withdrawals, total (billion cubic meters)",ER.H2O.FWTL.K3,,,,,,,,,,,,,,,,,,,,,,,,,,,,,,,,,99.6,,,,,72.49857143,,,,,65.76666667,,,,,63.6,,,,,64,,,,,64.41,,,,
Rwanda,RWA,"Annual freshwater withdrawals, total (billion cubic meters)",ER.H2O.FWTL.K3,,,,,,,,,,,,,,,,,,,,,,,,,,,,,,,,,,,,,,,,,,,0.16356,,,,,0.1839,,,,,0.1839,,,,,0.1839,,,,
South Asia,SAS,"Annual freshwater withdrawals, total (billion cubic meters)",ER.H2O.FWTL.K3,,,,,,,,,,,,,,,,,,,,,,,,,,,,,,,,,,,,,,,,,,,,,,,,,,,,,,,,,,926.4377,,,,
Saudi Arabia,SAU,"Annual freshwater withdrawals, total (billion cubic meters)",ER.H2O.FWTL.K3,,,,,,,,,,,,,,,,,,,,,,,,,,,,,,,,,16.12,,,,,18.368625,,,,,20.346725,,,,,22.46708333,,,,,21.6025,,,,,21.2,,,,
Sudan,SDN,"Annual freshwater withdrawals, total (billion cubic meters)",ER.H2O.FWTL.K3,,,,,,,,,,,,,,,,,,,,,,,,,,,,,,,,,,,,,,,,,,,,,,,,,,,,,26.935,,,,,26.935,,,,
Senegal,SEN,"Annual freshwater withdrawals, total (billion cubic meters)",ER.H2O.FWTL.K3,,,,,,,,,,,,,,,,,,,,,,,,,,,,1.36,,,,,1.448442308,,,,,1.536884615,,,,,2.22095,,,,,2.22095,,,,,2.22095,,,,,2.22095,,,,
Singapore,SGP,"Annual freshwater withdrawals, total (billion cubic meters)",ER.H2O.FWTL.K3,,,,,,,,,,,,,,,,,,0.326045,,,,,0.6661575,,,,,1.00627,,,,,1.3391825,,,,,1.679295,,,,,2.0294715,,,,,1.890368,,,,,0.9602005,,,,,0.4921,,,,
Solomon Islands,SLB,"Annual freshwater withdrawals, total (billion cubic meters)",ER.H2O.FWTL.K3,,,,,,,,,,,,,,,,,,,,,,,,,,,,,,,,,,,,,,,,,,,,,,,,,,,,,,,,,,,,,,
Sierra Leone,SLE,"Annual freshwater withdrawals, total (billion cubic meters)",ER.H2O.FWTL.K3,,,,,,,,,,,,,,,,,,,,,,,,,,,,0.37,,,,,0.126007692,,,,,0.165315385,,,,,0.19822,,,,,0.2122,,,,,0.2122,,,,,0.2122,,,,
El Salvador,SLV,"Annual freshwater withdrawals, total (billion cubic meters)",ER.H2O.FWTL.K3,,,,,,,,,,,,,,,,,,,,,,,,,,,,,,,,,0.7289,,,,,1.1332125,,,,,1.67268,,,,,2.118,,,,,2.118,,,,,2.118,,,,
San Marino,SMR,"Annual freshwater withdrawals, total (billion cubic meters)",ER.H2O.FWTL.K3,,,,,,,,,,,,,,,,,,,,,,,,,,,,,,,,,,,,,,,,,,,,,,,,,,,,,,,,,,,,,,
Somalia,SOM,"Annual freshwater withdrawals, total (billion cubic meters)",ER.H2O.FWTL.K3,,,,,,,,,,,,,,,,,,,,,,,,,,,,0.81,,,,,1.763807692,,,,,2.717615385,,,,,3.2953,,,,,3.298,,,,,3.298,,,,,3.298,,,,
Serbia,SRB,"Annual freshwater withdrawals, total (billion cubic meters)",ER.H2O.FWTL.K3,,,,,,,,,,,,,,,,,,,,,,,,,,,,,,,,,,,,,,,,,,,,,,,,3.9578,,,,,4.403,,,,,5.377,,,,
Sub-Saharan Africa (excluding high income),SSA,"Annual freshwater withdrawals, total (billion cubic meters)",ER.H2O.FWTL.K3,,,,,,,,,,,,,,,,,,,,,,,,,,,,,,,,,,,,,,,,,,,,,,,,,,,,,,,,,,126.88675,,,,
South Sudan,SSD,"Annual freshwater withdrawals, total (billion cubic meters)",ER.H2O.FWTL.K3,,,,,,,,,,,,,,,,,,,,,,,,,,,,,,,,,,,,,,,,,,,,,,,,,,,,,0.658,,,,,0.658,,,,
Sub-Saharan Africa,SSF,"Annual freshwater withdrawals, total (billion cubic meters)",ER.H2O.FWTL.K3,,,,,,,,,,,,,,,,,,,,,,,,,,,,,,,,,,,,,,,,,,,,,,,,,,,,,,,,,,126.898044,,,,
Small states,SST,"Annual freshwater withdrawals, total (billion cubic meters)",ER.H2O.FWTL.K3,,,,,,,,,,,,,,,,,,,,,,,,,,,,,,,,,,,,,,,,,,,,,,,,,,,,,,,,,,11.335194,,,,
Sao Tome and Principe,STP,"Annual freshwater withdrawals, total (billion cubic meters)",ER.H2O.FWTL.K3,,,,,,,,,,,,,,,,,,,,,,,,,,,,,,,,,,,,,,0.012895652,,,,,0.020265217,,,,,0.027634783,,,,,0.035004348,,,,,0.0409,,,,
Suriname,SUR,"Annual freshwater withdrawals, total (billion cubic meters)",ER.H2O.FWTL.K3,,,,,,,,,,,,,,,,,,,,,,,,,,,,0.46,,,,,0.540769231,,,,,0.621538462,,,,,0.651966667,,,,,0.6159,,,,,0.6159,,,,,0.6159,,,,
Slovak Republic,SVK,"Annual freshwater withdrawals, total (billion cubic meters)",ER.H2O.FWTL.K3,,,,,,,,,,,,,,,,,,,,,,,,,,,,,,,,,,,,,,1.31,,,,,1.0944,,,,,0.6879,,,,,0.6653,,,,,0.5563,,,,
Slovenia,SVN,"Annual freshwater withdrawals, total (billion cubic meters)",ER.H2O.FWTL.K3,,,,,,,,,,,,,,,,,,,,,,,,,,,,,,,,,,,,,,,,,,,0.8992,,,,,0.9354,,,,,0.928,,,,,0.9314,,,,
Sweden,SWE,"Annual freshwater withdrawals, total (billion cubic meters)",ER.H2O.FWTL.K3,,,,,,,,,,,,,4.0978,,,,,4.1234,,,,,3.6516,,,,,2.9715,,,,,2.973,,,,,2.711,,,,,2.676,,,,,2.63,,,,,2.5634,,,,,2.375,,,,
Eswatini,SWZ,"Annual freshwater withdrawals, total (billion cubic meters)",ER.H2O.FWTL.K3,,,,,,,,,,,,,,,,,,,,,,,0.6955,,,,,0.79175,,,,,0.888,,,,,0.98425,,,,,1.0524,,,,,1.068,,,,,1.068,,,,,1.068,,,,
Sint Maarten (Dutch part),SXM,"Annual freshwater withdrawals, total (billion cubic meters)",ER.H2O.FWTL.K3,,,,,,,,,,,,,,,,,,,,,,,,,,,,,,,,,,,,,,,,,,,,,,,,,,,,,,,,,,,,,,
Seychelles,SYC,"Annual freshwater withdrawals, total (billion cubic meters)",ER.H2O.FWTL.K3,,,,,,,,,,,,,,,,,,,,,,,,,,,,,,,,,0.011770143,,,,,0.011553714,,,,,0.011337286,,,,,0.011294,,,,,0.011294,,,,,0.011294,,,,
Syrian Arab Republic,SYR,"Annual freshwater withdrawals, total (billion cubic meters)",ER.H2O.FWTL.K3,,,,,,,,,,,,,,,,,,4.387555556,,,,,7.006444444,,,,,9.625333333,,,,,12.24422222,,,,,14.427,,,,,16.359,,,,,14.1444,,,,,13.9644,,,,,13.9644,,,,
Turks and Caicos Islands,TCA,"Annual freshwater withdrawals, total (billion cubic meters)",ER.H2O.FWTL.K3,,,,,,,,,,,,,,,,,,,,,,,,,,,,,,,,,,,,,,,,,,,,,,,,,,,,,,,,,,,,,,
Chad,TCD,"Annual freshwater withdrawals, total (billion cubic meters)",ER.H2O.FWTL.K3,,,,,,,,,,,,,,,,,,,,,,,,,,,,0.181,,,,,0.411117949,,,,,0.641235897,,,,,0.86136,,,,,0.8796,,,,,0.8796,,,,,0.8796,,,,
East Asia & Pacific (IDA & IBRD countries),TEA,"Annual freshwater withdrawals, total (billion cubic meters)",ER.H2O.FWTL.K3,,,,,,,,,,,,,,,,,,,,,,,,,,,,,,,,,,,,,,,,,,,,,,,,,,,,,,,,,,1097.9074,,,,
Europe & Central Asia (IDA & IBRD countries),TEC,"Annual freshwater withdrawals, total (billion cubic meters)",ER.H2O.FWTL.K3,,,,,,,,,,,,,,,,,,,,,,,,,,,,,,,,,,,,,,,,,,,,,,,,,,,,,,,,,,311.4581,,,,
Togo,TGO,"Annual freshwater withdrawals, total (billion cubic meters)",ER.H2O.FWTL.K3,,,,,,,,,,,,,,,,,,,,,,,,,,,,0.091,,,,,0.12125641,,,,,0.151512821,,,,,0.169,,,,,0.223,,,,,0.223,,,,,0.223,,,,
Thailand,THA,"Annual freshwater withdrawals, total (billion cubic meters)",ER.H2O.FWTL.K3,,,,,,,,,,,,,,,,,,,,,,,,,,,,,,,,,,,,,,,,,,,,,,,,57.307,,,,,57.307,,,,,57.307,,,,
Tajikistan,TJK,"Annual freshwater withdrawals, total (billion cubic meters)",ER.H2O.FWTL.K3,,,,,,,,,,,,,,,,,,,,,,,,,,,,,,,,,,,,,,11.59,,,,,11.50493333,,,,,11.10868889,,,,,10.67813333,,,,,10.4198,,,,
Turkmenistan,TKM,"Annual freshwater withdrawals, total (billion cubic meters)",ER.H2O.FWTL.K3,,,,,,,,,,,,,,,,,,,,,,,,,,,,,,,,,,,,,,24.26255,,,,,26.00236667,,,,,27.865,,,,,27.865,,,,,27.865,,,,
Latin America & the Caribbean (IDA & IBRD countries),TLA,"Annual freshwater withdrawals, total (billion cubic meters)",ER.H2O.FWTL.K3,,,,,,,,,,,,,,,,,,,,,,,,,,,,,,,,,,,,,,,,,,,,,,,,,,,,,,,,,,324.4482436,,,,
Timor-Leste,TLS,"Annual freshwater withdrawals, total (billion cubic meters)",ER.H2O.FWTL.K3,,,,,,,,,,,,,,,,,,,,,,,,,,,,,,,,,,,,,,,,,,,,,,,,1.172,,,,,1.172,,,,,1.172,,,,
Middle East & North Africa (IDA & IBRD countries),TMN,"Annual freshwater withdrawals, total (billion cubic meters)",ER.H2O.FWTL.K3,,,,,,,,,,,,,,,,,,,,,,,,,,,,,,,,,,,,,,,,,,,,,,,,,,,,,,,,,,246.815,,,,
Tonga,TON,"Annual freshwater withdrawals, total (billion cubic meters)",ER.H2O.FWTL.K3,,,,,,,,,,,,,,,,,,,,,,,,,,,,,,,,,,,,,,,,,,,,,,,,,,,,,,,,,,,,,,
South Asia (IDA & IBRD),TSA,"Annual freshwater withdrawals, total (billion cubic meters)",ER.H2O.FWTL.K3,,,,,,,,,,,,,,,,,,,,,,,,,,,,,,,,,,,,,,,,,,,,,,,,,,,,,,,,,,926.4377,,,,
Sub-Saharan Africa (IDA & IBRD countries),TSS,"Annual freshwater withdrawals, total (billion cubic meters)",ER.H2O.FWTL.K3,,,,,,,,,,,,,,,,,,,,,,,,,,,,,,,,,,,,,,,,,,,,,,,,,,,,,,,,,,126.898044,,,,
Trinidad and Tobago,TTO,"Annual freshwater withdrawals, total (billion cubic meters)",ER.H2O.FWTL.K3,,,,,,,,,,,,,,,,,,,,,,,,,,,,,,,,,,,,,,0.297,,,,,0.3264,,,,,0.318066667,,,,,0.3362,,,,,0.3362,,,,
Tunisia,TUN,"Annual freshwater withdrawals, total (billion cubic meters)",ER.H2O.FWTL.K3,,,,,,,,,,,,,,,,,,1.402,,,,,2.06,,,,,2.61,,,,,2.9798,,,,,2.7602,,,,,2.824,,,,,2.899,,,,,3.4755,,,,,4.768,,,,
Turkey,TUR,"Annual freshwater withdrawals, total (billion cubic meters)",ER.H2O.FWTL.K3,,,,,,,,,,,,,,,,,,,,,,,,,,,,,,,,,31.5995,,,,,34.97360714,,,,,39.87833333,,,,,41.469625,,,,,50.51,,,,,60.01,,,,
Tuvalu,TUV,"Annual freshwater withdrawals, total (billion cubic meters)",ER.H2O.FWTL.K3,,,,,,,,,,,,,,,,,,,,,,,,,,,,,,,,,,,,,,,,,,,,,,,,,,,,,,,,,,,,,,
Tanzania,TZA,"Annual freshwater withdrawals, total (billion cubic meters)",ER.H2O.FWTL.K3,,,,,,,,,,,,,,,,,,,,,,,,,,,,,,,,,,,,,,2.87228125,,,,,5.184,,,,,5.184,,,,,5.184,,,,,5.184,,,,
Uganda,UGA,"Annual freshwater withdrawals, total (billion cubic meters)",ER.H2O.FWTL.K3,,,,,,,,,,,,,0.20864,,,,,0.23024,,,,,0.25184,,,,,0.27344,,,,,0.29504,,,,,0.31664,,,,,0.36155,,,,,0.591091667,,,,,0.637,,,,,0.637,,,,
Ukraine,UKR,"Annual freshwater withdrawals, total (billion cubic meters)",ER.H2O.FWTL.K3,,,,,,,,,,,,,,,,,,,,,,,,,,,,,,,,,26,,,,,21.177,,,,,17.0024,,,,,14.988,,,,,12.8745,,,,,8.635,,,,
Upper middle income,UMC,"Annual freshwater withdrawals, total (billion cubic meters)",ER.H2O.FWTL.K3,,,,,,,,,,,,,,,,,,,,,,,,,,,,,,,,,,,,,,,,,,,,,,,,,,,,,,,,,,1199.041444,,,,
Uruguay,URY,"Annual freshwater withdrawals, total (billion cubic meters)",ER.H2O.FWTL.K3,,,,,,,,0.822,,,,,1.252,,,,,1.682,,,,,2.112,,,,,2.542,,,,,2.972,,,,,3.402,,,,,3.66,,,,,3.66,,,,,3.66,,,,,3.66,,,,
United States,USA,"Annual freshwater withdrawals, total (billion cubic meters)",ER.H2O.FWTL.K3,,,,,,,,,,,,,,,,,,,,,,,507.1,,,,,480.85,,,,,466.8,,,,,471.05,,,,,475.6,,,,,454.68,,,,,429.0384447,,,,,444.3961118,,,,
Uzbekistan,UZB,"Annual freshwater withdrawals, total (billion cubic meters)",ER.H2O.FWTL.K3,,,,,,,,,,,,,,,,,,,,,,,,,,,,,,,,,,,,,,53.57114286,,,,,52.595,,,,,49.44888889,,,,,50.17111111,,,,,58.9,,,,
St. Vincent and the Grenadines,VCT,"Annual freshwater withdrawals, total (billion cubic meters)",ER.H2O.FWTL.K3,,,,,,,,,,,,,,,,,,,,,,,,,,,,,,,,,,,,,,0.0099,,,,,0.009417444,,,,,0.0091,,,,,0.0081,,,,,0.0079,,,,
"Venezuela, RB",VEN,"Annual freshwater withdrawals, total (billion cubic meters)",ER.H2O.FWTL.K3,,,,,,,,,,,,,4.430593333,,,,,5.25829,,,,,6.08564,,,,,6.91299,,,,,7.73514,,,,,8.56249,,,,,13.02778,,,,,22.6211,,,,,22.6211,,,,,22.6211,,,,
British Virgin Islands,VGB,"Annual freshwater withdrawals, total (billion cubic meters)",ER.H2O.FWTL.K3,,,,,,,,,,,,,,,,,,,,,,,,,,,,,,,,,,,,,,,,,,,,,,,,,,,,,,,,,,,,,,
Virgin Islands (U.S.),VIR,"Annual freshwater withdrawals, total (billion cubic meters)",ER.H2O.FWTL.K3,,,,,,,,,,,,,,,,,,,,,,,,,,,,,,,,,,,,,,,,,,,,,,,,,,,,,,,,,,,,,,
Vietnam,VNM,"Annual freshwater withdrawals, total (billion cubic meters)",ER.H2O.FWTL.K3,,,,,,,,,,,,,,,,,,,,,,,40.824,,,,,47.7692,,,,,55.5772,,,,,65.7252,,,,,75.9004,,,,,81.862,,,,,81.862,,,,,81.862,,,,
Vanuatu,VUT,"Annual freshwater withdrawals, total (billion cubic meters)",ER.H2O.FWTL.K3,,,,,,,,,,,,,,,,,,,,,,,,,,,,,,,,,,,,,,,,,,,,,,,,,,,,,,,,,,,,,,
World,WLD,"Annual freshwater withdrawals, total (billion cubic meters)",ER.H2O.FWTL.K3,,,,,,,,,,,,,,,,,,,,,,,,,,,,,,,,,,,,,,,,,,,,,,,,,,,,,,,,,,3880.971199,,,,
Samoa,WSM,"Annual freshwater withdrawals, total (billion cubic meters)",ER.H2O.FWTL.K3,,,,,,,,,,,,,,,,,,,,,,,,,,,,,,,,,,,,,,,,,,,,,,,,,,,,,,,,,,,,,,
Kosovo,XKX,"Annual freshwater withdrawals, total (billion cubic meters)",ER.H2O.FWTL.K3,,,,,,,,,,,,,,,,,,,,,,,,,,,,,,,,,,,,,,,,,,,,,,,,,,,,,,,,,,,,,,
"Yemen, Rep.",YEM,"Annual freshwater withdrawals, total (billion cubic meters)",ER.H2O.FWTL.K3,,,,,,,,,,,,,,,,,,,,,,,,,,,,,,,,,3.0156,,,,,3.2496,,,,,3.4564,,,,,3.565,,,,,3.565,,,,,3.565,,,,
South Africa,ZAF,"Annual freshwater withdrawals, total (billion cubic meters)",ER.H2O.FWTL.K3,,,,,,,,,,,,,,,,,,,,,,,,,,,,,,,,,13.1282,,,,,12.84,,,,,12.80094872,,,,,12.97082051,,,,,13.66369231,,,,,19.38,,,,
Zambia,ZMB,"Annual freshwater withdrawals, total (billion cubic meters)",ER.H2O.FWTL.K3,,,,,,,,,,,,,,,,,,,,,,,,,,,,,,,,,1.747,,,,,1.65575,,,,,1.572,,,,,1.572,,,,,1.572,,,,,1.572,,,,
Zimbabwe,ZWE,"Annual freshwater withdrawals, total (billion cubic meters)",ER.H2O.FWTL.K3,,,,,,,,,,,,,,,,,,,,,,,,,,,,1.22,,,,,2.215,,,,,3.21,,,,,4.205,,,,,3.57,,,,,3.460625,,,,,3.339,,,,
